UID;phone:;surname:;name:;patronymic:
U001;8-906-535-02-52;Ложников;Михаил;Михайлович
U002;8-906-535-02-53;Чувиляев;Сергей;Валерьевич
U003;8-906-551-38-27;Соловьева;Елена;Николаевна
U004;8-906-535-66-44;Кремешкова;Ирина;Валентиновна
U005;8-906-539-19-09;Шичкина;Ольга;Алексеевна
U006;8-913-539-19-10;Мадрахимов;Бахтияр;Тургунбаевич
U007;8-913-539-19-11;Тарасова;Елена;Николаевна
U008;8-913-539-19-15;Швецова;Ольга;Петровна
U009;8-913-539-19-48;Мальцева;Жанна;Викторовна
U010;8-913-539-19-13;Луговкина;Елена;Владимировна
U011;8-913-539-19-14;Логинов;Александр;Александрович
U012;8-913-539-19-19;Старкова;Елена;Львовна
U013;8-913-539-19-07;Семенов;Андрей;Геннадьевич
U014;8-913-539-19-25;Волкова;Ольга;Валерьевна
U015;8-913-539-19-20;Васильева;Ольга;Владимировна
U016;8-913-539-19-21;Антипина;Ирина;Владимировна
U017;8-913-539-19-22;Кустова;Ольга;Александровна
U018;8-913-539-19-24;Капустина;Ольга;Викторовна
U019;8-913-539-19-08;Веселова;Ольга;Владимировна
U020;8-913-539-19-27;Максимова;Ольга;Вячеславовна
U021;8-913-539-19-26;Малышева;Фаина;Павловна
U022;8-913-539-19-28;Волина;Ирина;Александровна
U023;8-913-539-19-29;Фролова;Мария;Николаевна
U024;8-913-539-19-06;Семенова;Елена;Валерьевна
U025;8-913-539-19-23;Суворова;Эльвира;Федоровна
U026;8-913-539-19-16;Панкратова;Ирина;Владимировна
U027;8-913-539-19-18;Смирнова;Лариса;Валентиновна
U028;8-913-539-19-12;Виноградова;Наталья;Васильевна
U029;8-913-539-19-17;Сафронова;Галина;Анатольевна
U030;8-913-539-19-18;Кудрякова;Ольга;Владимировна
U031;8-913-539-19-30;Кочнева;Вера;Николаевна
U032;8-913-539-19-33;Кошелева;Елена;Владимировна
U033;8-913-539-19-32;Белякова;Ольга;Анатольевна
U034;8-913-539-19-31;Дружинина;Татьяна;Александровна
U035;8-913-539-19-95;Ипатова;Катерина;Андреевна
U036;8-913-539-19-35;Григорьева;Светлана;Владимировна
U037;8-913-539-19-36;Нищёва;Ольга;Николаевна
U038;8-913-539-19-38;Коростель;Елена;Юрьевна
U039;8-913-539-19-39;Николаева;Ирина;Николаевна
U040;8-913-539-19-91;Турова;Наталия;Борисовна
U041;8-913-539-19-37;Довгань;Ирина;Борисовна
U042;8-913-539-19-93;Воробьева;Елена;Владимировна
U043;8-913-539-19-94;Бойкова;Ольга;Петровна
U044;8-913-539-19-95;Новожилова;Анна;Сергеевна
U045;8-913-539-19-40;Павлова;Ольга;Владимировна
U046;8-913-539-19-41;Севина;Виктория;Владимировна
U047;8-913-539-19-42;Пенушкова;Надежда;Львовна
U048;8-913-539-19-43;Волкова;Ольга;Евгеньевна
U049;8-913-539-19-43;Власова;Анна;Витальевна
U050;8-913-539-19-47;Скрябина;Наталья;Дмитриевна
U051;8-913-539-19-59;Коваль;Наталья;Игоревна
U052;8-913-539-19-50;Белоусова;Татьяна;Анатольевна
U053;8-913-539-19-51;Волкова;Вера;Сергеевна
U054;8-913-539-19-89;Мишенева;Елена;Александровна
U055;8-913-539-19-57;Константинова;Ирина;Вадимовна
U056;8-913-539-19-56;Челябова;Татьяна;Сергеевна
U057;8-913-539-19-58;Полякова;Ольга;Николаевна
U058;8-913-539-19-61;Николаев;Андрей;Вячеславович
U059;8-913-539-19-99;Смирнов;Андрей;Николаевич
U060;8-913-539-19-67;Кондратьев;Андрей;Сергеевич
U061;8-913-539-19-63;Цветкова;Виктория;Анатольевна
U062;8-913-539-19-64;Цветкова;Елена;Васильевна
U063;8-913-539-19-65;Герасимов;Василий;Владимирович
U064;8-913-539-19-66;Валеев;Асхат;Ахатович
U065;8-913-535-48-44;Проневич;Руслан;Валерьевич
U066;8-913-539-19-62;Корчагин;Владимир;Павлович
U067;8-913-539-19-98;Кобяков;Андрей;Михайлович
U068;8-913-539-19-63;Фадеев;Максим;Дмитриевич
U069;8-913-539-19-90;Гурьянов;Семен;Николаевич
U070;8-913-539-19-71;Лапин;Александр;Викторович
U071;8-913-539-19-72;Юрьев;Антон;Николаевич
U072;8-913-539-19-73;Березин;Олег;Викторович
U073;8-913-539-19-74;Блувштейн;Денис;Вячеславович
U074;8-913-539-19-75;Чижов;Андрей;Александрович
U075;8-913-539-19-70;Соколов;Вадим;Владимирович
U076;8-913-539-19-76;Кузнецов;Михаил;Тимофеевич
U077;8-913-539-19-77;Муравьёв;Александр;Владимирович
U078;8-913-539-19-79;Николаев;Евгений;Михайлович
U079;8-913-539-19-78 ;Бобылев;Алексей;Васильевич
U080;8-913-539-19-80;Маркова;Елена;Борисовна
U081;8-913-539-19-81;Загвозкина;Евгения;Юрьевна
U082;8-913-539-19-82;Вершинина;Любовь;Александровна
U083;8-913-539-19-82;Малинина;Наталья;Евгеньевна
U084;8-913-539-19-82;Пуговкина;Анна;Викторовна
U085;8-913-539-19-83;Зинцова;Светлана;Олеговна
U086;8-913-539-19-84;Калинина;Надежда;Николаевна
U087;8-913-539-19-85;Красилова;Елена;Витальевна
U088;8-913-539-19-86;Старжинская;Екатерина;Николаевна
U089;8-913-562-54-01;Ложников;Михаил;Михайлович
U090;8-913-562-54-02;Соловьева;Елена;Николаевна
U091;8-913-562-54-03;Чувиляев;Сергей;Валерьевич
U092;8-913-562-54-04;Попова;Гузалия;Минулловна
U093;8-913-562-54-05;Боровикова;Ольга;Константиновна
U094;8-913-562-54-00;Гусева;Светлана;Дмитриевна
U095;8-913-562-54-10;Тощакова;Ольга;Владимировна
U096;8-913-562-54-11;Лукьяненкова;Елена;Анатольевна
U097;8-913-562-54-12;Новикова;Екатерина;Николаевна
U098;8-913-562-54-13;Медведева;Елена;Петровна
U099;8-913-562-54-14;Смирнова;Светлана;Владимировна
U100;8-913-562-54-15;Гусева;Наталья;Львовна
U101;8-913-562-54-16;Тихомирова;Наталья;Владимировна
U102;8-913-562-54-17;Салова;Светлана;Ивановна
U103;8-913-562-54-18;Исаева;Ирина;Евгеньевна
U104;8-913-562-54-19;Антонова;Галина;Ремовна
U105;8-913-562-54-06;Карпова;Галина;Валентиновна
U106;8-913-562-54-07;Смирнова;Наталья;Дмитриевна
U107;8-913-562-54-08;Королева;Галина;Владимировна
U108;8-913-562-54-09;Бахарева;Ольга;Дмитриевна
U109;8-913-562-54-50;Оськина;Наталья;Андреевна
U110;8-913-562-54-51;Рыжова;Татьяна;Сергеевна
U111;8-913-562-54-56;Костенко;Оксана;Сергеевна
U112;8-913-562-54-58;Кевина;Людмила;Васильевна
U113;8-913-562-54-59;Ермолаева;Татьяна;Юрьевна
U114;8-913-562-54-20;Зорина;Светлана;Юрьевна
U115;8-913-562-54-21;Карпова;Ирина;Владимировна
U116;8-913-562-54-22;Рыжова;Мария;Станиславовна
U117;8-913-562-54-23;Антонова;Светлана;Аюповна
U118;8-913-562-54-24;Решетникова;Юлия;Вячеславовна
U119;8-913-562-54-25;Алифанова;Наталия;Владимировна
U120;8-913-562-54-26;Дунаев;Илья;Владимирович
U121;8-913-562-54-30;Бородина;Ирина;Борисовна
U122;8-913-562-54-31;Мемнонова;Ольга;Вячеславовна
U123;8-913-562-54-32;Зарубина;Валентина;Сергеевна
U124;8-913-562-54-33;Горчакова;Татьяна;Валерьевна
U125;8-913-562-54-34;Девятых;Елена;Борисовна
U126;8-913-562-54-35;Серова;Любовь;Николаевна
U127;8-913-562-54-36;Егорова;Галина;Александровна
U128;8-913-562-54-37;Родионова;Надежда;Юрьевна
U129;8-913-562-54-40;Батенова;Наталья;Михайловна
U130;8-913-562-54-41;Белова;Ольга;Михайловна
U131;8-913-562-54-42;Тютюнова;Ирина;Евгеньевна
U132;8-913-562-54-43;Суворова;Марина;Владимировна
U133;8-913-562-54-44;Королькова;Елена;Валерьевна
U134;8-913-562-54-45;Фролова;Юлия;Александровна
U135;8-913-562-54-46;Воронова;Анна;Николаевна
U136;8-913-562-54-47;Зимина;Анастасия;Анатольевна
U137;8-913-562-54-48;Апалько;Оксана;Владимировна
U138;8-913-562-54-49;Смирнова;Ирина;Александровна
U139;8-913-562-54-53;Ляпугин;Алексей;Николаевич
U140;8-913-562-54-54;Калинин;Сергей;Николаевич
U141;8-913-562-54-55;Решетова;Светлана;Владимировна
U142;8-913-562-54-60;Смирнова;Ирина;Александровна
U143;8-913-562-54-61;Тимонина;Елена;Анатольевна
U144;8-913-562-54-62;Базанкова;Марина;Владимировна
U145;8-913-562-54-63;Криволуцкая;Наталья;Анатольевна
U146;8-913-562-54-64;Федосеева;Светлана;Константиновна
U147;8-913-562-54-65;Исакова;Елена;Васильевна
U148;8-913-562-54-66;Соболева;Татьяна;Ивановна
U149;8-913-562-54-67;Асекритова;Марина;Андреевна
U150;8-913-562-54-68;Коротаева;Алла;Николаевна
U151;8-913-562-54-70;Козлов;Александр;Анатольевич
U152;8-913-562-54-71;Крылов;Олег;Витальевич
U153;8-913-562-54-72;Малый;Николай;Александрович
U154;8-913-562-54-73;Киселева;Ольга;Борисовна
U155;8-913-562-54-74;Лошкина;Анна;Викторовна
U156;8-913-562-54-75;Тряскина;Елена;Борисовна
U157;8-913-562-54-76;Синяк;Борис;Николаевич
U158;8-913-562-54-77;Егорычева;Нина;Михайловна
U159;8-913-562-54-78;Рогова;Ирина;Федоровна
U160;8-913-562-54-79;Киселева;Ксения;Александровна
U161;8-913-562-54-80;Козина;Ирина;Владимировна
U162;8-913-562-54-81;Розанова;Марина;Анатольевна
U163;8-913-562-54-82;Тихомирова;Светлана;Валентиновна
U164;8-913-5;;;
U165;8-913-562-54-83;Дмитриева;Елена;Владимировна
U166;8-913-562-54-84;Шумкова;Наталья;Жоржевна
U167;8-913-562-54-85;Фролова;Светлана;Андреевна
U168;8-913-545-53-31;Попова;Гузалия;Минулловна
U169;8-913-545-54-11;Колотильщикова;;
U170;8-913-5;Светлана;Владимировна;
U171;8-913-545-53-41;Михайловская;Юлия;Викторовна
U172;8-913-545-54-81;Никитина;Гамиля;Хаджимуратовна
U173;8-913-545-54-21;Фунтова;Надежда;Анатольевна
U174;8-913-545-53-81;Соловьева;Наталья;Анатольевна
U175;8-913-545-53-11;Серова;Елена;Николаевна
U176;8-913-545-54-81;Шемягина;Людмила;Анатольевна
U177;8-913-545-54-81;Дружинина;Ольга;Николаевна
U178;8-913-545-54-31;Золянова;Надежда;Олеговна
U179;8-913-545-54-31;Никифорова;Юлия;Сергеевна
U180;8-913-545-54-02;Махова;Лидия;Ивановна
U181;8-913-564-22-38;Антонюк;Елена;Юрьевна
U182;8-913-564-22-37;Лукоянова;Виктория;Владимировна
U183;8-913-564-22-40;Молчанова;Александр;Николаевич
U184;8-913-564-22-37;Федосеева;Ольга;Игоревна
U185;8-913-564-22-37;Антонюк;Евгений;Валерьевич
U186;8-913-562-54-91;Сомикова;Мария;Александровна
U187;8-913-564-22-39;Горшенин;Сергей;Валентинович
U188;8-913-564-22-39;Балашов;Павел;Александрович
U189;8-913-562-54-92;Палибина;Наталья;Николаевна
